Classifiers,Scores
lda,0.8527980535279805
gnb,1.0
lin_svm,1.0
knn,1.0
tree,0.9987834549878345
